document_id,url,event_id,predicted_action_type,predicted_legal_stage,count_min,count_max,count_qualifier,evidence_start,evidence_end,evidence_text,confidence,selection_reason,is_true_positive_gold,corrected_action_type_gold,corrected_legal_stage_gold,corrected_count_min_gold,corrected_count_max_gold,corrected_count_qualifier_gold,reviewer,reviewer_notes
07dcec661b7f7b357339,https://www.ice.gov/news/releases/dominican-national-arrested-assaulting-ice-agents-puerto-rico,07dcec661b7f7b357339:event:0000,arrest,agency_claim,,,,0,112,"SAN JUAN, Puerto Rico — ICE arrested Dominican national and illegal alien Bean Gomez-Cepeda July 2, after a U.S.",0.72,seeded_random,,,,,,,,
07dcec661b7f7b357339,https://www.ice.gov/news/releases/dominican-national-arrested-assaulting-ice-agents-puerto-rico,07dcec661b7f7b357339:event:0001,charge,charged,,,,190,335,"He was charged with resisting, opposing or impeding federal agents with a dangerous weapon and hitting a government vehicle with his own vehicle.",0.72,seeded_random,,,,,,,,
07dcec661b7f7b357339,https://www.ice.gov/news/releases/dominican-national-arrested-assaulting-ice-agents-puerto-rico,07dcec661b7f7b357339:event:0002,arrest,agency_claim,,,,430,556,"In a failed attempt to avoid being arrested, he drove his vehicle into one of ICE’s Homeland Security Investigations vehicles.",0.72,seeded_random,,,,,,,,
07dcec661b7f7b357339,https://www.ice.gov/news/releases/dominican-national-arrested-assaulting-ice-agents-puerto-rico,07dcec661b7f7b357339:event:0003,arrest,agency_claim,,,,557,683,"Officials arrested him and five other occupants of his vehicle, each of whom was also unlawfully present in the United States.",0.72,seeded_random,,,,,,,,
07dcec661b7f7b357339,https://www.ice.gov/news/releases/dominican-national-arrested-assaulting-ice-agents-puerto-rico,07dcec661b7f7b357339:event:0004,charge,charged,,,,2061,2205,"An indictment is merely an allegation, and all defendants are presumed innocent until proven guilty beyond a reasonable doubt in a court of law.",0.72,seeded_random,,,,,,,,
127e0ccbbb15b6d2bc45,https://www.ice.gov/news/releases/ices-287g-partnership-oklahoma-highway-patrol-nets-120-illegal-alien-arrests-91,127e0ccbbb15b6d2bc45:event:0000,detention,agency_claim,120.0,120.0,exact,421,729,"As a result, 120 illegal aliens were taken into custody for immigration violations, 91 of which were operating a commercial motor vehicle with a commercial driver license, and 27 were arrested from passenger vehicles during routine traffic stops, and two were arrested from a nearby marijuana grow operation.",0.86,contains_table,,,,,,,,
127e0ccbbb15b6d2bc45,https://www.ice.gov/news/releases/ices-287g-partnership-oklahoma-highway-patrol-nets-120-illegal-alien-arrests-91,127e0ccbbb15b6d2bc45:event:0001,arrest,agency_claim,,,,421,729,"As a result, 120 illegal aliens were taken into custody for immigration violations, 91 of which were operating a commercial motor vehicle with a commercial driver license, and 27 were arrested from passenger vehicles during routine traffic stops, and two were arrested from a nearby marijuana grow operation.",0.72,contains_table,,,,,,,,
127e0ccbbb15b6d2bc45,https://www.ice.gov/news/releases/ices-287g-partnership-oklahoma-highway-patrol-nets-120-illegal-alien-arrests-91,127e0ccbbb15b6d2bc45:event:0002,arrest,agency_claim,,,,421,729,"As a result, 120 illegal aliens were taken into custody for immigration violations, 91 of which were operating a commercial motor vehicle with a commercial driver license, and 27 were arrested from passenger vehicles during routine traffic stops, and two were arrested from a nearby marijuana grow operation.",0.72,contains_table,,,,,,,,
127e0ccbbb15b6d2bc45,https://www.ice.gov/news/releases/ices-287g-partnership-oklahoma-highway-patrol-nets-120-illegal-alien-arrests-91,127e0ccbbb15b6d2bc45:event:0003,arrest,agency_claim,,,,2250,2410,"Total arrested - 91 Out of status/overstays - 10 Illegal entry or humanitarian parole, pending asylum claim, or immigration hearing - 80 Final removal order – 1",0.72,contains_table,,,,,,,,
127e0ccbbb15b6d2bc45,https://www.ice.gov/news/releases/ices-287g-partnership-oklahoma-highway-patrol-nets-120-illegal-alien-arrests-91,127e0ccbbb15b6d2bc45:event:0004,arrest,agency_claim,,,,2974,3051,Illegal aliens arrested from passenger vehicles during routine traffic stops:,0.72,contains_table,,,,,,,,
127e0ccbbb15b6d2bc45,https://www.ice.gov/news/releases/ices-287g-partnership-oklahoma-highway-patrol-nets-120-illegal-alien-arrests-91,127e0ccbbb15b6d2bc45:event:0005,arrest,agency_claim,,,,3052,3246,"Total arrested - 27 Illegally entered (no prior immigration record) - 17 Prior deportation - 9 6 of the 9 have been deported 2 or more times Initially denied an entry visa, entered illegally – 1",0.72,contains_table,,,,,,,,
127e0ccbbb15b6d2bc45,https://www.ice.gov/news/releases/ices-287g-partnership-oklahoma-highway-patrol-nets-120-illegal-alien-arrests-91,127e0ccbbb15b6d2bc45:event:0006,removal,agency_claim,,,,3052,3246,"Total arrested - 27 Illegally entered (no prior immigration record) - 17 Prior deportation - 9 6 of the 9 have been deported 2 or more times Initially denied an entry visa, entered illegally – 1",0.72,contains_table,,,,,,,,
127e0ccbbb15b6d2bc45,https://www.ice.gov/news/releases/ices-287g-partnership-oklahoma-highway-patrol-nets-120-illegal-alien-arrests-91,127e0ccbbb15b6d2bc45:event:0007,removal,agency_claim,,,,3300,3367,Prior deportation - 9 6 of the 9 have been deported 2 or more times,0.72,contains_table,,,,,,,,
127e0ccbbb15b6d2bc45,https://www.ice.gov/news/releases/ices-287g-partnership-oklahoma-highway-patrol-nets-120-illegal-alien-arrests-91,127e0ccbbb15b6d2bc45:event:0008,removal,agency_claim,,,,3368,3413,6 of the 9 have been deported 2 or more times,0.72,contains_table,,,,,,,,
127e0ccbbb15b6d2bc45,https://www.ice.gov/news/releases/ices-287g-partnership-oklahoma-highway-patrol-nets-120-illegal-alien-arrests-91,127e0ccbbb15b6d2bc45:event:0009,arrest,agency_claim,,,,3468,3519,Illegal aliens arrested from nearby marijuana grow:,0.72,contains_table,,,,,,,,
127e0ccbbb15b6d2bc45,https://www.ice.gov/news/releases/ices-287g-partnership-oklahoma-highway-patrol-nets-120-illegal-alien-arrests-91,127e0ccbbb15b6d2bc45:event:0010,arrest,agency_claim,,,,3520,3538,Total arrested - 2,0.72,contains_table,,,,,,,,
127e0ccbbb15b6d2bc45,https://www.ice.gov/news/releases/ices-287g-partnership-oklahoma-highway-patrol-nets-120-illegal-alien-arrests-91,127e0ccbbb15b6d2bc45:event:0011,arrest,agency_claim,,,,3539,3601,Countries of citizenship of the non-CDL illegal alien arrests:,0.72,contains_table,,,,,,,,
19188808896af4e3b5fd,https://www.ice.gov/news/releases/ice-investigation-leads-extradition-racketeering-charge-international-ms-13-gang,19188808896af4e3b5fd:event:0000,charge,charged,,,,1442,1721,"The investigation led to a nine-count indictment alleging that Rivera-Luna, along with six co-defendants, committed racketeering conspiracy, murder in aid of racketeering, kidnapping in aid of racketeering, assault with a deadly weapon in aid of racketeering, and other offenses.",0.72,seeded_random,,,,,,,,
19188808896af4e3b5fd,https://www.ice.gov/news/releases/ice-investigation-leads-extradition-racketeering-charge-international-ms-13-gang,19188808896af4e3b5fd:event:0001,charge,charged,,,,1722,1790,Rivera-Luna is charged only with committing racketeering conspiracy.,0.72,seeded_random,,,,,,,,
1dd1d30fc0b7d0d1a4d9,https://www.ice.gov/news/releases/ice-newark-law-enforcement-partners-arrest-illegal-alien-arrest-warrants,1dd1d30fc0b7d0d1a4d9:event:0000,arrest,agency_claim,,,,20,253,"Immigration and Customs Enforcement, with assistance from local and federal partners, apprehended Ismail Sayik, a citizen of Turkey illegally present in the United States, March 4 during a routine enforcement operation in New Jersey.",0.72,seeded_random,,,,,,,,
1dd1d30fc0b7d0d1a4d9,https://www.ice.gov/news/releases/ice-newark-law-enforcement-partners-arrest-illegal-alien-arrest-warrants,1dd1d30fc0b7d0d1a4d9:event:0001,arrest,agency_claim,,,,984,1109,"Border Patrol arrested Sayik on March 17, 2023, at or near Jacumba, California, after he illegally entered the United States.",0.72,seeded_random,,,,,,,,
1dd1d30fc0b7d0d1a4d9,https://www.ice.gov/news/releases/ice-newark-law-enforcement-partners-arrest-illegal-alien-arrest-warrants,1dd1d30fc0b7d0d1a4d9:event:0002,arrest,agency_claim,,,,1406,1543,"Personnel with ICE Newark arrested Sayik in Sunnyside, New York, on March 4, and detained him in ICE custody pending removal proceedings.",0.72,seeded_random,,,,,,,,
1dd1d30fc0b7d0d1a4d9,https://www.ice.gov/news/releases/ice-newark-law-enforcement-partners-arrest-illegal-alien-arrest-warrants,1dd1d30fc0b7d0d1a4d9:event:0003,detention,agency_claim,,,,1406,1543,"Personnel with ICE Newark arrested Sayik in Sunnyside, New York, on March 4, and detained him in ICE custody pending removal proceedings.",0.72,seeded_random,,,,,,,,
231ff3d752e0d8a0f88b,https://www.ice.gov/news/releases/ice-aids-investigation-leading-conviction-3-ms-13-gang-members,231ff3d752e0d8a0f88b:event:0000,conviction,convicted,,,,265,689,"Wilson Arturo Constanza-Galdomez, also known as Humilde and Marco Saravia, 26, of El Salvador; Edis Omar Valenzuela-Rodriguez, also known as Little Felon, 24, of Honduras; and Jonathan Pesquera-Puerto, also known as Truney, 24, of Honduras, were convicted by a federal jury Sept. 19 for conspiracy to participate in a racketeering enterprise involving murders and attempted murders, as well as murder in aid of racketeering.",0.72,seeded_random,,,,,,,,
2ecac70a82f3da5951ae,https://www.ice.gov/news/releases/former-city-commissioner-west-covina-california-sentenced-child-exploitation,2ecac70a82f3da5951ae:event:0000,sentence,sentenced,,,,0,308,"LOS ANGELES – An official in a position of public trust was sentenced on March 17 in the Central District of California to 151 months, lifetime supervision and paying victim restitution for violations, including the possession, distribution, and receipt of child sexual abuse material, following a joint U.S.",0.72,seeded_random,,,,,,,,
347b467fcd873a1418b5,https://www.ice.gov/news/releases/8-venezuelan-illegal-aliens-ties-tren-da-aragua-are-charged-transnational-commercial,347b467fcd873a1418b5:event:0000,charge,charged,,,,19,370,"Immigration Customs and Enforcement investigation with the Tennessee Bureau of Investigation led to a four-count indictment which was unsealed in the Middle District of Tennessee charging eight defendants, with ties to the Tren da Aragua (TdA) gang, with various offenses stemming from their involvement with a transnational commercial sex enterprise.",0.72,multi_topic,,,,,,,,
347b467fcd873a1418b5,https://www.ice.gov/news/releases/8-venezuelan-illegal-aliens-ties-tren-da-aragua-are-charged-transnational-commercial,347b467fcd873a1418b5:event:0001,charge,charged,,,,1366,1608,"The defendants facilitated the victims’ arrival into the United States and used online commercial sex websites to post advertisements and internet or cellular communications to conduct illicit criminal activities, according to the indictment.",0.72,multi_topic,,,,,,,,
347b467fcd873a1418b5,https://www.ice.gov/news/releases/8-venezuelan-illegal-aliens-ties-tren-da-aragua-are-charged-transnational-commercial,347b467fcd873a1418b5:event:0002,charge,charged,,,,1609,1770,"“This indictment demonstrates our commitment to stop human trafficking whenever and wherever we find it, and to hold those involved accountable” said acting U.S.",0.72,multi_topic,,,,,,,,
347b467fcd873a1418b5,https://www.ice.gov/news/releases/8-venezuelan-illegal-aliens-ties-tren-da-aragua-are-charged-transnational-commercial,347b467fcd873a1418b5:event:0003,charge,charged,,,,2516,2905,"A grand jury in the Middle District of Tennessee previously returned the four-count indictment charging all eight defendants for roles in facilitating the recruiting of young women from impoverished parts of Venezuela and other South and Central American countries, and their transportation across the U.S. southern border and state lines to engage in commercial sex in the Nashville area.",0.72,multi_topic,,,,,,,,
347b467fcd873a1418b5,https://www.ice.gov/news/releases/8-venezuelan-illegal-aliens-ties-tren-da-aragua-are-charged-transnational-commercial,347b467fcd873a1418b5:event:0004,charge,charged,,,,2906,3321,"Three of the defendants, Yilibeth del Carmen Rivero-De Caldera, Kleiver Daniel Mota-Rivero, and Yuribetzi Del Valle Gomez Machuca, are additionally charged with sex trafficking conspiracy for conspiring to use force, fraud, and coercion to compel the women into engaging in commercial sex acts for the defendants’ profit that include invoking alleged ties to the Venezuelan gang TdA and its reputation for violence.",0.72,multi_topic,,,,,,,,
347b467fcd873a1418b5,https://www.ice.gov/news/releases/8-venezuelan-illegal-aliens-ties-tren-da-aragua-are-charged-transnational-commercial,347b467fcd873a1418b5:event:0005,charge,charged,,,,3322,3452,The indictment further charges defendant Kleiver Daniel Mota-Rivero with one count of possession of a firearm by an illegal alien.,0.72,multi_topic,,,,,,,,
347b467fcd873a1418b5,https://www.ice.gov/news/releases/8-venezuelan-illegal-aliens-ties-tren-da-aragua-are-charged-transnational-commercial,347b467fcd873a1418b5:event:0006,charge,charged,,,,3453,3697,Mother and son defendants Rivero-De Caldera and Mota-Rivero are charged with conspiring to impose a coercive debt scheme upon the victims to compel them to continue engaging in commercial sex acts until the defendants deemed their debts repaid.,0.72,multi_topic,,,,,,,,
347b467fcd873a1418b5,https://www.ice.gov/news/releases/8-venezuelan-illegal-aliens-ties-tren-da-aragua-are-charged-transnational-commercial,347b467fcd873a1418b5:event:0007,arrest,agency_claim,,,,3698,3824,Defendants Rivero-De Caldera and Mota-Rivero previously were arrested and detained on state charges relating to their conduct.,0.72,multi_topic,,,,,,,,
347b467fcd873a1418b5,https://www.ice.gov/news/releases/8-venezuelan-illegal-aliens-ties-tren-da-aragua-are-charged-transnational-commercial,347b467fcd873a1418b5:event:0008,detention,agency_claim,,,,3698,3824,Defendants Rivero-De Caldera and Mota-Rivero previously were arrested and detained on state charges relating to their conduct.,0.72,multi_topic,,,,,,,,
347b467fcd873a1418b5,https://www.ice.gov/news/releases/8-venezuelan-illegal-aliens-ties-tren-da-aragua-are-charged-transnational-commercial,347b467fcd873a1418b5:event:0009,conviction,convicted,,,,3825,3934,The defendants face a maximum penalty of life in prison if convicted of conspiracy to commit sex trafficking.,0.72,multi_topic,,,,,,,,
347b467fcd873a1418b5,https://www.ice.gov/news/releases/8-venezuelan-illegal-aliens-ties-tren-da-aragua-are-charged-transnational-commercial,347b467fcd873a1418b5:event:0010,conviction,convicted,,,,4221,4344,Mota-Rivero also faces a maximum penalty of 15 years in prison if convicted of possession of a firearm by an illegal alien.,0.72,multi_topic,,,,,,,,
35efd1da98de3e686efa,https://www.ice.gov/news/releases/panama-express-strike-force-interdicts-nearly-510-million-illegal-narcotics-eastern,35efd1da98de3e686efa:event:0000,transfer,agency_claim,,,,724,874,This patrol resulted in 11 interdictions and the detainment of 34 suspected narco-traffickers who were transferred ashore to face federal prosecution.,0.72,multi_topic,,,,,,,,
35efd1da98de3e686efa,https://www.ice.gov/news/releases/panama-express-strike-force-interdicts-nearly-510-million-illegal-narcotics-eastern,35efd1da98de3e686efa:event:0001,arrest,agency_claim,,,,2388,2517,"The cutter’s boarding team interdicted the vessel, apprehended three suspected smugglers and seized over 2,025 pounds of cocaine.",0.72,multi_topic,,,,,,,,
35efd1da98de3e686efa,https://www.ice.gov/news/releases/panama-express-strike-force-interdicts-nearly-510-million-illegal-narcotics-eastern,35efd1da98de3e686efa:event:0002,arrest,agency_claim,,,,2676,2972,"James simultaneously intercepted the three go-fast vessels, with the help from a drone and Coast Guard Helicopter Interdiction Tactical Squadron (HITRON) aircrew, James’ boarding teams interdicted the vessels, apprehended nine suspected narco-traffickers and seized over 13,960 pounds of cocaine.",0.72,multi_topic,,,,,,,,
35efd1da98de3e686efa,https://www.ice.gov/news/releases/panama-express-strike-force-interdicts-nearly-510-million-illegal-narcotics-eastern,35efd1da98de3e686efa:event:0003,arrest,agency_claim,,,,3154,3368,"James’ embarked HITRON employed airborne use of force tactics to compel the non-compliant vessel to stop, and the boarding team apprehended three suspected narco-traffickers and seized over 8,240 pounds of cocaine.",0.72,multi_topic,,,,,,,,
35efd1da98de3e686efa,https://www.ice.gov/news/releases/panama-express-strike-force-interdicts-nearly-510-million-illegal-narcotics-eastern,35efd1da98de3e686efa:event:0004,arrest,agency_claim,,,,3537,3723,"James’ boat crew and Coast Guard Cutter Stone’s helicopter aircrews interdicted the go-fast vessel, apprehended three suspected narco-traffickers and seized over 3,385 pounds of cocaine.",0.72,multi_topic,,,,,,,,
35efd1da98de3e686efa,https://www.ice.gov/news/releases/panama-express-strike-force-interdicts-nearly-510-million-illegal-narcotics-eastern,35efd1da98de3e686efa:event:0005,arrest,agency_claim,,,,4068,4218,"James’ boarding teams interdicted the go-fast vessel and apprehended three suspected narco-traffickers, seizing approximately 5,950 pounds of cocaine.",0.72,multi_topic,,,,,,,,
35efd1da98de3e686efa,https://www.ice.gov/news/releases/panama-express-strike-force-interdicts-nearly-510-million-illegal-narcotics-eastern,35efd1da98de3e686efa:event:0006,arrest,agency_claim,,,,4342,4520,"James’ boarding team employed surface use of force tactics to interdict the go-fast vessel, apprehended three suspected narco-traffickers and seized over 3,870 pounds of cocaine.",0.72,multi_topic,,,,,,,,
35efd1da98de3e686efa,https://www.ice.gov/news/releases/panama-express-strike-force-interdicts-nearly-510-million-illegal-narcotics-eastern,35efd1da98de3e686efa:event:0007,arrest,agency_claim,,,,4628,4759,"James’ boarding team interdicted the vessel, apprehended three suspected narco-traffickers and seized over 3,630 pounds of cocaine.",0.72,multi_topic,,,,,,,,
35efd1da98de3e686efa,https://www.ice.gov/news/releases/panama-express-strike-force-interdicts-nearly-510-million-illegal-narcotics-eastern,35efd1da98de3e686efa:event:0008,arrest,agency_claim,,,,4860,4993,"James’ boarding team interdicted the vessel, apprehended three suspected narco-traffickers and seized nearly 3,490 pounds of cocaine.",0.72,multi_topic,,,,,,,,
35efd1da98de3e686efa,https://www.ice.gov/news/releases/panama-express-strike-force-interdicts-nearly-510-million-illegal-narcotics-eastern,35efd1da98de3e686efa:event:0009,arrest,agency_claim,,,,5216,5350,"James’ boarding team interdicted the vessel, apprehended four suspected narco-traffickers and seized nearly 3,880 pounds of marijuana.",0.72,multi_topic,,,,,,,,
5207e20be79eb22e8fb1,https://www.ice.gov/news/releases/ice-boston-arrests-illegal-fugitive-wanted-aggravated-homicide-el-salvador,5207e20be79eb22e8fb1:event:0000,arrest,agency_claim,,,,22,244,"Immigration and Customs Enforcement apprehended an illegally present 41-year-old Salvadoran fugitive wanted in his home country for aggravated homicide when officers arrested the fugitive Jan. 22 in Everett, Massachusetts.",0.72,seeded_random,,,,,,,,
5207e20be79eb22e8fb1,https://www.ice.gov/news/releases/ice-boston-arrests-illegal-fugitive-wanted-aggravated-homicide-el-salvador,5207e20be79eb22e8fb1:event:0001,arrest,agency_claim,,,,22,244,"Immigration and Customs Enforcement apprehended an illegally present 41-year-old Salvadoran fugitive wanted in his home country for aggravated homicide when officers arrested the fugitive Jan. 22 in Everett, Massachusetts.",0.72,seeded_random,,,,,,,,
56119ff5c0ad6145885b,https://www.ice.gov/news/releases/ocala-man-sentenced-15-years-attempting-meet-minor-sexual-activity,56119ff5c0ad6145885b:event:0000,sentence,sentenced,,,,0,264,"OCALA, Fla. — A Florida man has been sentenced to 15 years in federal prison, followed by a life term of supervised release, for attempting to entice a minor to engage in sexual activity following an investigation by Homeland Security Investigations (HSI) Orlando.",0.72,seeded_random,,,,,,,,
56119ff5c0ad6145885b,https://www.ice.gov/news/releases/ocala-man-sentenced-15-years-attempting-meet-minor-sexual-activity,56119ff5c0ad6145885b:event:0001,arrest,agency_claim,,,,1467,1710,"He also asked, “[W]ill you tell my friend your 18[?] I really don’t want her to know your real age.” When Miller subsequently drove to a predetermined location with his friend to meet with the minor for sex, he was arrested by law enforcement.",0.72,seeded_random,,,,,,,,
5997b7befbc27dbde5c6,https://www.ice.gov/news/releases/criminal-illegal-alien-sentenced-nearly-20-years-leading-cartel-linked-drug,5997b7befbc27dbde5c6:event:0000,sentence,sentenced,,,,0,295,"CORPUS CHRISTI, Texas — A criminal illegal alien from Mexico who led a transnational drug trafficking organization tied to Cartel La Familia Michoacana has been sentenced to 19 years and six months in federal prison following an investigation conducted by ICE’s Homeland Security Investigations.",0.72,multi_topic,,,,,,,,
5997b7befbc27dbde5c6,https://www.ice.gov/news/releases/criminal-illegal-alien-sentenced-nearly-20-years-leading-cartel-linked-drug,5997b7befbc27dbde5c6:event:0001,sentence,sentenced,,,,296,385,"Baldemar Navarro-Jaimes, 36, illegally residing in Houston, was sentenced Feb. 18 by U.S.",0.72,multi_topic,,,,,,,,
5997b7befbc27dbde5c6,https://www.ice.gov/news/releases/criminal-illegal-alien-sentenced-nearly-20-years-leading-cartel-linked-drug,5997b7befbc27dbde5c6:event:0002,conviction,convicted,,,,514,621,"Navarro-Jaimes pleaded guilty July 1, 2025, to conspiracy to distribute five kilograms or more of cocaine .",0.72,multi_topic,,,,,,,,
5997b7befbc27dbde5c6,https://www.ice.gov/news/releases/criminal-illegal-alien-sentenced-nearly-20-years-leading-cartel-linked-drug,5997b7befbc27dbde5c6:event:0003,sentence,sentenced,,,,1093,1364,"The sentencing is the result of an HSI Corpus Christi-led Homeland Security Task Force and Smuggling and Corruption investigation known as Operation EEYORE , which targeted a criminal network operating under the direction of cartel leadership based in Michoacán, Mexico .",0.72,multi_topic,,,,,,,,
5997b7befbc27dbde5c6,https://www.ice.gov/news/releases/criminal-illegal-alien-sentenced-nearly-20-years-leading-cartel-linked-drug,5997b7befbc27dbde5c6:event:0004,charge,charged,,,,2433,2698,"The broader investigation began in April 2023 following a traffic stop in the Southern District of Texas and led to the indictment of multiple individuals for violations including drug trafficking, firearms trafficking, bulk cash smuggling and immigration offenses.",0.72,multi_topic,,,,,,,,
6fb6db5bea5823abf54b,https://www.ice.gov/news/releases/ice-federal-partners-arrest-illegal-honduran-national-charged-incest-sex-crimes,6fb6db5bea5823abf54b:event:0000,arrest,agency_claim,,,,159,403,Department of State’s Diplomatic Security Service and Virginia State Police arrested an illegally present Honduran national charged with incest with a 13 to 17-year-old child and aggravated sexual battery: parent with a 13 to 17-year-old child.,0.72,seeded_random,,,,,,,,
6fb6db5bea5823abf54b,https://www.ice.gov/news/releases/ice-federal-partners-arrest-illegal-honduran-national-charged-incest-sex-crimes,6fb6db5bea5823abf54b:event:0001,charge,charged,,,,159,403,Department of State’s Diplomatic Security Service and Virginia State Police arrested an illegally present Honduran national charged with incest with a 13 to 17-year-old child and aggravated sexual battery: parent with a 13 to 17-year-old child.,0.72,seeded_random,,,,,,,,
6fb6db5bea5823abf54b,https://www.ice.gov/news/releases/ice-federal-partners-arrest-illegal-honduran-national-charged-incest-sex-crimes,6fb6db5bea5823abf54b:event:0002,arrest,agency_claim,,,,404,494,"Officers and agents arrested Marvin Mateo-Alberto, 35, in Falls Church, Virginia April 10.",0.72,seeded_random,,,,,,,,
6fb6db5bea5823abf54b,https://www.ice.gov/news/releases/ice-federal-partners-arrest-illegal-honduran-national-charged-incest-sex-crimes,6fb6db5bea5823abf54b:event:0003,arrest,agency_claim,,,,999,1118,"Border Patrol arrested Mateo-Alberto after he illegally entered the United States Oct. 17, 2005, near Eagle Pass Texas.",0.72,seeded_random,,,,,,,,
6fb6db5bea5823abf54b,https://www.ice.gov/news/releases/ice-federal-partners-arrest-illegal-honduran-national-charged-incest-sex-crimes,6fb6db5bea5823abf54b:event:0004,removal,agency_claim,,,,1211,1320,"On April 5, 2006, the DOJ immigration judge ordered Mateo-Alberto removed from the United States to Honduras.",0.72,seeded_random,,,,,,,,
6fb6db5bea5823abf54b,https://www.ice.gov/news/releases/ice-federal-partners-arrest-illegal-honduran-national-charged-incest-sex-crimes,6fb6db5bea5823abf54b:event:0005,arrest,agency_claim,,,,1321,1514,Herndon Police Department officers arrested Mateo-Alberto Jan. 1 and charged him with incest with a 13 to 17-year-old child and aggravated sexual battery: parent with a 13 to 17-year-old child.,0.72,seeded_random,,,,,,,,
6fb6db5bea5823abf54b,https://www.ice.gov/news/releases/ice-federal-partners-arrest-illegal-honduran-national-charged-incest-sex-crimes,6fb6db5bea5823abf54b:event:0006,charge,charged,,,,1321,1514,Herndon Police Department officers arrested Mateo-Alberto Jan. 1 and charged him with incest with a 13 to 17-year-old child and aggravated sexual battery: parent with a 13 to 17-year-old child.,0.72,seeded_random,,,,,,,,
6fb6db5bea5823abf54b,https://www.ice.gov/news/releases/ice-federal-partners-arrest-illegal-honduran-national-charged-incest-sex-crimes,6fb6db5bea5823abf54b:event:0007,arrest,agency_claim,,,,1729,1860,"Officials with ICE Washington, D.C.; ATF Washington, D.C.; DSS Washington, D.C. and VSP arrested Mateo-Alberto in Herndon April 10.",0.72,seeded_random,,,,,,,,
780cb435f61c8500779f,https://www.ice.gov/news/releases/15-suspected-gang-members-indicted-drug-trafficking-scheme,780cb435f61c8500779f:event:0000,charge,charged,,,,0,216,HOUSTON — A 29-count indictment was unsealed May 22 following the arrest of nine individuals for their alleged roles in a drug trafficking scheme that delivered illicit narcotics using a taco truck and the U.S. mail.,0.72,multi_topic,,,,,,,,
780cb435f61c8500779f,https://www.ice.gov/news/releases/15-suspected-gang-members-indicted-drug-trafficking-scheme,780cb435f61c8500779f:event:0001,charge,charged,,,,902,992,District Court for the Southern District of Texas May 22 when the indictment was unsealed.,0.72,multi_topic,,,,,,,,
780cb435f61c8500779f,https://www.ice.gov/news/releases/15-suspected-gang-members-indicted-drug-trafficking-scheme,780cb435f61c8500779f:event:0002,charge,charged,,,,993,1124,"Also charged are Enzo Xavier Dominguez aka ‘Smiley’, 32, William Alexander Lazo aka ‘Miclo’, 21, and Alfredo Gomez aka ‘Fredo’, 26.",0.72,multi_topic,,,,,,,,
780cb435f61c8500779f,https://www.ice.gov/news/releases/15-suspected-gang-members-indicted-drug-trafficking-scheme,780cb435f61c8500779f:event:0003,arrest,agency_claim,,,,1222,1531,"Three other individuals who were allegedly involved in the scheme are considered fugitives and warrants remain outstanding for their arrests — Mexican national Jose Francisco Garcia-Martinez aka ‘Paco’, 29, Guatemalan national Marcos Rene Simaj-Guch aka Taco Man, 41, and Jose Eduardo Morales aka ‘Primo’, 22.",0.72,multi_topic,,,,,,,,
780cb435f61c8500779f,https://www.ice.gov/news/releases/15-suspected-gang-members-indicted-drug-trafficking-scheme,780cb435f61c8500779f:event:0004,conviction,convicted,,,,2397,2595,“Several of the defendants are also alleged to have used firearms in furtherance of their narcotics trafficking and illegally possessed firearms despite having previously been convicted of felonies.,0.72,multi_topic,,,,,,,,
780cb435f61c8500779f,https://www.ice.gov/news/releases/15-suspected-gang-members-indicted-drug-trafficking-scheme,780cb435f61c8500779f:event:0005,charge,charged,,,,2762,2993,"The indictment, returned under seal May 14, alleges all were members of a drug trafficking organization that distributed methamphetamine, powder cocaine, crack cocaine, heroin, oxycodone, Xanax, psylocibin mushrooms, and marijuana.",0.72,multi_topic,,,,,,,,
780cb435f61c8500779f,https://www.ice.gov/news/releases/15-suspected-gang-members-indicted-drug-trafficking-scheme,780cb435f61c8500779f:event:0006,charge,charged,,,,3412,3533,"Brewer, Alvarado, Lopez, Gomez and Ellison are further charged with firearms offenses which carry up to another 15 years.",0.72,multi_topic,,,,,,,,
780cb435f61c8500779f,https://www.ice.gov/news/releases/15-suspected-gang-members-indicted-drug-trafficking-scheme,780cb435f61c8500779f:event:0007,charge,charged,,,,3901,3972,"An indictment is a formal accusation of criminal conduct, not evidence.",0.72,multi_topic,,,,,,,,
780cb435f61c8500779f,https://www.ice.gov/news/releases/15-suspected-gang-members-indicted-drug-trafficking-scheme,780cb435f61c8500779f:event:0008,conviction,convicted,,,,3973,4050,A defendant is presumed innocent unless convicted through due process of law.,0.72,multi_topic,,,,,,,,
85a8c2d466fb86ca48a6,https://www.ice.gov/news/releases/ice-boston-arrests-5-foreign-fugitives-wanted-murder-month,85a8c2d466fb86ca48a6:event:0000,arrest,agency_claim,,,,0,115,"BURLINGTON, Mass. — In the past month, ICE Boston has arrested five fugitive illegal aliens throughout New England.",0.72,seeded_random,,,,,,,,
85a8c2d466fb86ca48a6,https://www.ice.gov/news/releases/ice-boston-arrests-5-foreign-fugitives-wanted-murder-month,85a8c2d466fb86ca48a6:event:0001,arrest,agency_claim,,,,266,547,"These fugitives, who are typically among the illegal aliens mislabeled as “non-criminals” by the media and activists, are not counted among the nearly 70% of ICE arrests with U.S. criminal histories — simply because they committed their horrendous crimes outside the United States.",0.72,seeded_random,,,,,,,,
85a8c2d466fb86ca48a6,https://www.ice.gov/news/releases/ice-boston-arrests-5-foreign-fugitives-wanted-murder-month,85a8c2d466fb86ca48a6:event:0002,arrest,agency_claim,,,,985,1004,Those arrested are:,0.72,seeded_random,,,,,,,,
85a8c2d466fb86ca48a6,https://www.ice.gov/news/releases/ice-boston-arrests-5-foreign-fugitives-wanted-murder-month,85a8c2d466fb86ca48a6:event:0003,arrest,agency_claim,,,,1005,1119,"Danny Granados-Garcia, a criminal illegal alien from El Salvador, was arrested March 10 in Waterbury, Connecticut.",0.72,seeded_random,,,,,,,,
85a8c2d466fb86ca48a6,https://www.ice.gov/news/releases/ice-boston-arrests-5-foreign-fugitives-wanted-murder-month,85a8c2d466fb86ca48a6:event:0004,arrest,agency_claim,,,,1270,1385,"Kele Cristian Alves-Pereira, a criminal illegal alien from Brazil, was arrested March 13 in Everett, Massachusetts.",0.72,seeded_random,,,,,,,,
85a8c2d466fb86ca48a6,https://www.ice.gov/news/releases/ice-boston-arrests-5-foreign-fugitives-wanted-murder-month,85a8c2d466fb86ca48a6:event:0005,arrest,agency_claim,,,,1487,1598,"Magno Jose Dos Santos, a criminal illegal alien from Brazil, was arrested March 22 in Worcester, Massachusetts.",0.72,seeded_random,,,,,,,,
85a8c2d466fb86ca48a6,https://www.ice.gov/news/releases/ice-boston-arrests-5-foreign-fugitives-wanted-murder-month,85a8c2d466fb86ca48a6:event:0006,arrest,agency_claim,,,,1727,1850,"Bryan Rafael Gomez, a criminal illegal alien from the Dominican Republic, was arrested April 4 in Worcester, Massachusetts.",0.72,seeded_random,,,,,,,,
85a8c2d466fb86ca48a6,https://www.ice.gov/news/releases/ice-boston-arrests-5-foreign-fugitives-wanted-murder-month,85a8c2d466fb86ca48a6:event:0007,arrest,agency_claim,,,,1951,2060,"Altieris Chaves Paiva, a criminal illegal alien from Brazil, was arrested April 5 in Falmouth, Massachusetts.",0.72,seeded_random,,,,,,,,
8ad61b96eed75bcf6477,https://www.ice.gov/news/releases/ice-federal-partners-arrest-more-1400-illegal-aliens-massachusetts-during-patriot-20,8ad61b96eed75bcf6477:event:0000,arrest,agency_claim,1400.0,,more_than,0,279,"BOSTON — ICE and federal law enforcement partners apprehended more than 1,400 illegal aliens during a weeks-long immigration enforcement operation focusing on transnational organized crime, gangs and egregious illegal alien offenders throughout the Commonwealth of Massachusetts.",0.86,longest,,,,,,,,
8ad61b96eed75bcf6477,https://www.ice.gov/news/releases/ice-federal-partners-arrest-more-1400-illegal-aliens-massachusetts-during-patriot-20,8ad61b96eed75bcf6477:event:0001,arrest,agency_claim,,,,947,1141,"“Every illegal alien we arrested during the operation was breaking U.S. immigration law, and hundreds were violent criminals who should never have been allowed to roam freely in our communities.",0.72,longest,,,,,,,,
8ad61b96eed75bcf6477,https://www.ice.gov/news/releases/ice-federal-partners-arrest-more-1400-illegal-aliens-massachusetts-during-patriot-20,8ad61b96eed75bcf6477:event:0002,arrest,agency_claim,600.0,,more_than,1465,1642,More than 600 illegal aliens arrested had significant criminal convictions or pending criminal charges for crimes committed in the United States or were known foreign fugitives.,0.86,longest,,,,,,,,
8ad61b96eed75bcf6477,https://www.ice.gov/news/releases/ice-federal-partners-arrest-more-1400-illegal-aliens-massachusetts-during-patriot-20,8ad61b96eed75bcf6477:event:0003,arrest,agency_claim,,,,1998,2118,Six of those arrested were documented members of transnational criminal gangs while several others were gang associates.,0.72,longest,,,,,,,,
8ad61b96eed75bcf6477,https://www.ice.gov/news/releases/ice-federal-partners-arrest-more-1400-illegal-aliens-massachusetts-during-patriot-20,8ad61b96eed75bcf6477:event:0004,arrest,agency_claim,,,,2340,2399,Three of those arrested were known or suspected terrorists.,0.72,longest,,,,,,,,
8ad61b96eed75bcf6477,https://www.ice.gov/news/releases/ice-federal-partners-arrest-more-1400-illegal-aliens-massachusetts-during-patriot-20,8ad61b96eed75bcf6477:event:0005,arrest,agency_claim,,,,3768,3876,"“This latest surge led to the arrests of more than 1,400 illegal aliens, many with violent criminal records.",0.72,longest,,,,,,,,
8ad61b96eed75bcf6477,https://www.ice.gov/news/releases/ice-federal-partners-arrest-more-1400-illegal-aliens-massachusetts-during-patriot-20,8ad61b96eed75bcf6477:event:0006,arrest,agency_claim,,,,4722,5028,"ICE and its federal law enforcement partners made many of the apprehensions after local jurisdictions refused to honor immigration detainer requests to turn over the offenders and instead chose to release them from custody, forcing officers and agents to make at-large arrests in Massachusetts communities.",0.72,longest,,,,,,,,
8ad61b96eed75bcf6477,https://www.ice.gov/news/releases/ice-federal-partners-arrest-more-1400-illegal-aliens-massachusetts-during-patriot-20,8ad61b96eed75bcf6477:event:0007,arrest,agency_claim,,,,5335,5508,"Among the alien offenders apprehended during Operation Patriot 2.0, 277 had been previously ordered removed from the United States by a Justice Department immigration judge.",0.72,longest,,,,,,,,
8ad61b96eed75bcf6477,https://www.ice.gov/news/releases/ice-federal-partners-arrest-more-1400-illegal-aliens-massachusetts-during-patriot-20,8ad61b96eed75bcf6477:event:0008,removal,agency_claim,,,,5335,5508,"Among the alien offenders apprehended during Operation Patriot 2.0, 277 had been previously ordered removed from the United States by a Justice Department immigration judge.",0.72,longest,,,,,,,,
8ad61b96eed75bcf6477,https://www.ice.gov/news/releases/ice-federal-partners-arrest-more-1400-illegal-aliens-massachusetts-during-patriot-20,8ad61b96eed75bcf6477:event:0009,detention,agency_claim,,,,6918,7083,All aliens detained during Operation Patriot will remain in ICE custody pending the outcome of their removal proceedings or their deportation from the United States.,0.72,longest,,,,,,,,
8ad61b96eed75bcf6477,https://www.ice.gov/news/releases/ice-federal-partners-arrest-more-1400-illegal-aliens-massachusetts-during-patriot-20,8ad61b96eed75bcf6477:event:0010,arrest,agency_claim,,,,7340,7407,Among the worst of the worst arrested during operation Patriot 2.0:,0.72,longest,,,,,,,,
8ad61b96eed75bcf6477,https://www.ice.gov/news/releases/ice-federal-partners-arrest-more-1400-illegal-aliens-massachusetts-during-patriot-20,8ad61b96eed75bcf6477:event:0011,sentence,sentenced,,,,8325,8468,"Hernandez-Vasquez’s criminal history includes a conviction for rape of a child, for which he was sentenced to two years incarcerated in Woburn.",0.72,longest,,,,,,,,
8ad61b96eed75bcf6477,https://www.ice.gov/news/releases/ice-federal-partners-arrest-more-1400-illegal-aliens-massachusetts-during-patriot-20,8ad61b96eed75bcf6477:event:0012,sentence,sentenced,,,,9555,9628,He was sentenced to three years and one day incarcerated in Essex County.,0.72,longest,,,,,,,,
8ad61b96eed75bcf6477,https://www.ice.gov/news/releases/ice-federal-partners-arrest-more-1400-illegal-aliens-massachusetts-during-patriot-20,8ad61b96eed75bcf6477:event:0013,sentence,sentenced,,,,9834,9894,He was sentenced to 12 years imprisonment in Bristol County.,0.72,longest,,,,,,,,
8ad61b96eed75bcf6477,https://www.ice.gov/news/releases/ice-federal-partners-arrest-more-1400-illegal-aliens-massachusetts-during-patriot-20,8ad61b96eed75bcf6477:event:0014,sentence,sentenced,,,,10284,10500,"Zuniga’s criminal history includes a conviction for rape of a child with a 10-year age difference and indecent assault and battery on a child under 14, for which he was sentenced to 10 years incarcerated in Plymouth.",0.72,longest,,,,,,,,
8ad61b96eed75bcf6477,https://www.ice.gov/news/releases/ice-federal-partners-arrest-more-1400-illegal-aliens-massachusetts-during-patriot-20,8ad61b96eed75bcf6477:event:0015,sentence,sentenced,,,,10906,11049,"Rodrigues-Pires’ criminal history includes a conviction for homicide in Minas Gerais, Brazil, and he was sentenced to 12 years of imprisonment.",0.72,longest,,,,,,,,
8ad61b96eed75bcf6477,https://www.ice.gov/news/releases/ice-federal-partners-arrest-more-1400-illegal-aliens-massachusetts-during-patriot-20,8ad61b96eed75bcf6477:event:0016,arrest,agency_claim,,,,11050,11139,"ICE Boston arrested Wilbin Romero-Mejia, a 46-year-old citizen of the Dominican Republic.",0.72,longest,,,,,,,,
8ad61b96eed75bcf6477,https://www.ice.gov/news/releases/ice-federal-partners-arrest-more-1400-illegal-aliens-massachusetts-during-patriot-20,8ad61b96eed75bcf6477:event:0017,arrest,agency_claim,,,,11491,11562,"ICE Boston arrested Junio Souza-Pinho, a 34-year-old citizen of Brazil.",0.72,longest,,,,,,,,
8ad61b96eed75bcf6477,https://www.ice.gov/news/releases/ice-federal-partners-arrest-more-1400-illegal-aliens-massachusetts-during-patriot-20,8ad61b96eed75bcf6477:event:0018,arrest,agency_claim,,,,11769,11857,"ICE Boston arrested Angel Joaquin Hernandez-Barrera, a 36-year-old citizen of Guatemala.",0.72,longest,,,,,,,,
8ad61b96eed75bcf6477,https://www.ice.gov/news/releases/ice-federal-partners-arrest-more-1400-illegal-aliens-massachusetts-during-patriot-20,8ad61b96eed75bcf6477:event:0019,arrest,agency_claim,,,,11975,12061,"ICE Boston arrested Welington Aristy, a 29-year-old citizen of the Dominican Republic.",0.72,longest,,,,,,,,
8ad61b96eed75bcf6477,https://www.ice.gov/news/releases/ice-federal-partners-arrest-more-1400-illegal-aliens-massachusetts-during-patriot-20,8ad61b96eed75bcf6477:event:0020,arrest,agency_claim,,,,12280,12366,"ICE Boston arrested Wildy Arias-Guerrero, a 27-year-old citizen of Dominican Republic.",0.72,longest,,,,,,,,
8ad61b96eed75bcf6477,https://www.ice.gov/news/releases/ice-federal-partners-arrest-more-1400-illegal-aliens-massachusetts-during-patriot-20,8ad61b96eed75bcf6477:event:0021,arrest,agency_claim,,,,12633,12703,"ICE Boston arrested Rossine Da Costa, a 48-year-old citizen of Brazil.",0.72,longest,,,,,,,,
913781703955fa1798e1,https://www.ice.gov/news/releases/ice-san-diego-arrests-mexican-national-criminal-history,913781703955fa1798e1:event:0000,arrest,agency_claim,,,,17,136,"Immigration and Customs Enforcement arrested Daniel Mendivil Esquer, a 38-year-old Mexican citizen, March 6 in Dulzura.",0.72,shortest,,,,,,,,
949d4ee94c906952479d,https://www.ice.gov/news/releases/4-time-removed-twice-convicted-criminal-alien-sentenced-1-year-illegal-reentry,949d4ee94c906952479d:event:0000,removal,agency_claim,,,,44,339,"Immigration and Customs Enforcement led to Tomas Juarez-Santos, 45, a four-time removed criminal illegal alien from Mexico with two prior convictions for illegal reentry after deportation, being sentenced March 11 to more than a year in federal prison for illegally reentering the United States.",0.72,seeded_random,,,,,,,,
949d4ee94c906952479d,https://www.ice.gov/news/releases/4-time-removed-twice-convicted-criminal-alien-sentenced-1-year-illegal-reentry,949d4ee94c906952479d:event:0001,sentence,sentenced,,,,44,339,"Immigration and Customs Enforcement led to Tomas Juarez-Santos, 45, a four-time removed criminal illegal alien from Mexico with two prior convictions for illegal reentry after deportation, being sentenced March 11 to more than a year in federal prison for illegally reentering the United States.",0.72,seeded_random,,,,,,,,
949d4ee94c906952479d,https://www.ice.gov/news/releases/4-time-removed-twice-convicted-criminal-alien-sentenced-1-year-illegal-reentry,949d4ee94c906952479d:event:0002,conviction,convicted,,,,340,446,"Juarez-Santos, previously convicted in 2010 and 2019 for illegal reentry, pleaded guilty in December 2024.",0.72,seeded_random,,,,,,,,
949d4ee94c906952479d,https://www.ice.gov/news/releases/4-time-removed-twice-convicted-criminal-alien-sentenced-1-year-illegal-reentry,949d4ee94c906952479d:event:0003,conviction,convicted,,,,340,446,"Juarez-Santos, previously convicted in 2010 and 2019 for illegal reentry, pleaded guilty in December 2024.",0.72,seeded_random,,,,,,,,
949d4ee94c906952479d,https://www.ice.gov/news/releases/4-time-removed-twice-convicted-criminal-alien-sentenced-1-year-illegal-reentry,949d4ee94c906952479d:event:0004,arrest,agency_claim,,,,447,597,"Juarez-Santos was arrested in Collier County on state criminal charges Sept. 3, 2024, and found to be present in the U.S. without legal authorization.",0.72,seeded_random,,,,,,,,
9c07628613896154bcf8,https://www.ice.gov/news/releases/criminal-illegal-alien-passes-away-university-hospital-following-medical-emergency,9c07628613896154bcf8:event:0000,detention,agency_claim,,,,0,210,"NEWARK, N.J. — Jean Wilson Brutus, a 41-year-old criminal illegal alien from Haiti who was detained at Delaney Hall Detention Facility in Newark, New Jersey, passed away, Dec. 12, from suspected natural causes.",0.72,seeded_random,,,,,,,,
9c07628613896154bcf8,https://www.ice.gov/news/releases/criminal-illegal-alien-passes-away-university-hospital-following-medical-emergency,9c07628613896154bcf8:event:0001,arrest,agency_claim,,,,383,443,He also had multiple prior arrests for criminal trespassing.,0.72,seeded_random,,,,,,,,
9c07628613896154bcf8,https://www.ice.gov/news/releases/criminal-illegal-alien-passes-away-university-hospital-following-medical-emergency,9c07628613896154bcf8:event:0002,arrest,agency_claim,,,,971,1112,"Between July 2024 to October 2024, the Elizabeth Police Department in Elizabeth, Newark arrested Brutus for criminal trespassing three times.",0.72,seeded_random,,,,,,,,
9c07628613896154bcf8,https://www.ice.gov/news/releases/criminal-illegal-alien-passes-away-university-hospital-following-medical-emergency,9c07628613896154bcf8:event:0003,arrest,agency_claim,,,,1166,1245,"On Nov. 19, 2025, EPD arrested Brutus the fourth time for criminal trespassing.",0.72,seeded_random,,,,,,,,
9c07628613896154bcf8,https://www.ice.gov/news/releases/criminal-illegal-alien-passes-away-university-hospital-following-medical-emergency,9c07628613896154bcf8:event:0004,detention,agency_claim,,,,1280,1479,"On the same day, ERO Newark encountered him while detained at the Union County Jail in Elizabeth, New Jersey and lodged an immigration detainer - NUCJ subsequently released him without notifying ICE.",0.72,seeded_random,,,,,,,,
9c07628613896154bcf8,https://www.ice.gov/news/releases/criminal-illegal-alien-passes-away-university-hospital-following-medical-emergency,9c07628613896154bcf8:event:0005,arrest,agency_claim,,,,1480,1646,"On Nov. 28, 2025, EPD arrested Brutus for two counts of criminal mischief – damage property, Despite, an immigration detainer, he was released to the community again.",0.72,seeded_random,,,,,,,,
9c07628613896154bcf8,https://www.ice.gov/news/releases/criminal-illegal-alien-passes-away-university-hospital-following-medical-emergency,9c07628613896154bcf8:event:0006,arrest,agency_claim,,,,1647,1684,"ICE arrested Brutus on Dec. 11, 2025.",0.72,seeded_random,,,,,,,,
9c07628613896154bcf8,https://www.ice.gov/news/releases/criminal-illegal-alien-passes-away-university-hospital-following-medical-emergency,9c07628613896154bcf8:event:0007,transfer,agency_claim,,,,1685,1803,"Upon completion of processing, ERO Newark transferred him to the Delaney Hall Detention Facility (DHDF) in Newark, NJ.",0.72,seeded_random,,,,,,,,
9c07628613896154bcf8,https://www.ice.gov/news/releases/criminal-illegal-alien-passes-away-university-hospital-following-medical-emergency,9c07628613896154bcf8:event:0008,detention,agency_claim,,,,3184,3254,At no time during detention is a detained alien denied emergency care.,0.72,seeded_random,,,,,,,,
a9501f7a34d56be222f8,https://www.ice.gov/news/releases/sinaloa-cartel-leaders-charged-narco-terrorism-material-support-terrorism-and-drug,a9501f7a34d56be222f8:event:0000,charge,charged,,,,0,291,"SAN DIEGO – An indictment unsealed May 13 is the first in the nation to charge alleged leaders of the Sinaloa Cartel with narco-terrorism and material support of terrorism in connection with trafficking massive amounts of fentanyl, cocaine, methamphetamine and heroin into the United States.",0.72,contains_table,,,,,,,,
a9501f7a34d56be222f8,https://www.ice.gov/news/releases/sinaloa-cartel-leaders-charged-narco-terrorism-material-support-terrorism-and-drug,a9501f7a34d56be222f8:event:0001,charge,charged,,,,903,1213,"Pedro Inzunza Noriega and his son, Pedro Inzunza Coronel, are charged with narco-terrorism, drug trafficking and money laundering as key leaders of the Beltran Leyva Organization, a powerful and violent faction of the Sinaloa Cartel that is believed to be the world’s largest known fentanyl production network.",0.72,contains_table,,,,,,,,
a9501f7a34d56be222f8,https://www.ice.gov/news/releases/sinaloa-cartel-leaders-charged-narco-terrorism-material-support-terrorism-and-drug,a9501f7a34d56be222f8:event:0002,charge,charged,,,,1214,1292,Five other BLO leaders are charged with drug trafficking and money laundering.,0.72,contains_table,,,,,,,,
a9501f7a34d56be222f8,https://www.ice.gov/news/releases/sinaloa-cartel-leaders-charged-narco-terrorism-material-support-terrorism-and-drug,a9501f7a34d56be222f8:event:0003,charge,charged,,,,1293,1527,"The indictment is a direct result of President Trump’s Executive Order 14157 which designated the Sinaloa Cartel as a Foreign Terrorist Organization and the Secretary of State’s subsequent designation of the same on February 20, 2025.",0.72,contains_table,,,,,,,,
a9501f7a34d56be222f8,https://www.ice.gov/news/releases/sinaloa-cartel-leaders-charged-narco-terrorism-material-support-terrorism-and-drug,a9501f7a34d56be222f8:event:0004,charge,charged,,,,2099,2280,This indictment is what justice looks like when the full measure of the Department of Justice along with its law enforcement partners is brought to bear against the Sinaloa Cartel.”,0.72,contains_table,,,,,,,,
a9501f7a34d56be222f8,https://www.ice.gov/news/releases/sinaloa-cartel-leaders-charged-narco-terrorism-material-support-terrorism-and-drug,a9501f7a34d56be222f8:event:0005,charge,charged,,,,4440,4560,It is the first indictment from the newly formed Narco-Terrorism Unit which was established upon the swearing in of U.S.,0.72,contains_table,,,,,,,,
a9501f7a34d56be222f8,https://www.ice.gov/news/releases/sinaloa-cartel-leaders-charged-narco-terrorism-material-support-terrorism-and-drug,a9501f7a34d56be222f8:event:0006,charge,charged,,,,4596,4713,The indictment of Pedro Inzunza Noriega reflects the Southern District of California’s pursuit of the Sinaloa Cartel.,0.72,contains_table,,,,,,,,
a9501f7a34d56be222f8,https://www.ice.gov/news/releases/sinaloa-cartel-leaders-charged-narco-terrorism-material-support-terrorism-and-drug,a9501f7a34d56be222f8:event:0007,charge,charged,,,,6976,7142,"The charges and allegations contained in an indictment or complaint are merely accusations, and the defendants are considered innocent unless and until proven guilty.",0.72,contains_table,,,,,,,,
aed1b06a1824a55b2108,https://www.ice.gov/news/releases/ice-and-federal-partners-arrest-17-illegal-aliens-during-worksite-inspection,aed1b06a1824a55b2108:event:0000,arrest,agency_claim,,,,295,443,"During the inspection, 17 illegal aliens who were working at the property were encountered and administratively arrested for immigration violations.",0.72,seeded_random,,,,,,,,
aed1b06a1824a55b2108,https://www.ice.gov/news/releases/ice-and-federal-partners-arrest-17-illegal-aliens-during-worksite-inspection,aed1b06a1824a55b2108:event:0001,arrest,agency_claim,,,,444,570,"Those arrested included 13 citizens of Venezuela, two citizens of Mexico, one citizen of Ecuador and one citizen of Nicaragua.",0.72,seeded_random,,,,,,,,
beea857b35ad7daec900,https://www.ice.gov/news/releases/california-man-arrested-charged-making-fake-ids-doordash-drivers-following-ice,beea857b35ad7daec900:event:0000,arrest,agency_claim,,,,0,330,"BUFFALO, N.Y. — Miguel Angel Guevara-Murillo was arrested Aug. 4 and charged by criminal complaint with possession of a document-making implement after he allegedly told investigators he used the equipment to make counterfeit state identification documents, which he sold for $250 to people who sought to work as DoorDash drivers.",0.72,shortest,,,,,,,,
beea857b35ad7daec900,https://www.ice.gov/news/releases/california-man-arrested-charged-making-fake-ids-doordash-drivers-following-ice,beea857b35ad7daec900:event:0001,charge,charged,,,,0,330,"BUFFALO, N.Y. — Miguel Angel Guevara-Murillo was arrested Aug. 4 and charged by criminal complaint with possession of a document-making implement after he allegedly told investigators he used the equipment to make counterfeit state identification documents, which he sold for $250 to people who sought to work as DoorDash drivers.",0.72,shortest,,,,,,,,
bef859a3ccbf1dd9bbc2,https://www.ice.gov/news/releases/illegal-alien-mexico-sentenced-27-months-federal-prison-following-us-immigration-and,bef859a3ccbf1dd9bbc2:event:0000,sentence,sentenced,,,,0,188,"BOISE — Jose Salvador Alcaraz-Curiel, 31, an illegal alien from Mexico, was sentenced to 27 months in federal prison for being a deported alien found in the United States, following a U.S.",0.72,seeded_random,,,,,,,,
bef859a3ccbf1dd9bbc2,https://www.ice.gov/news/releases/illegal-alien-mexico-sentenced-27-months-federal-prison-following-us-immigration-and,bef859a3ccbf1dd9bbc2:event:0001,removal,agency_claim,,,,0,188,"BOISE — Jose Salvador Alcaraz-Curiel, 31, an illegal alien from Mexico, was sentenced to 27 months in federal prison for being a deported alien found in the United States, following a U.S.",0.72,seeded_random,,,,,,,,
bef859a3ccbf1dd9bbc2,https://www.ice.gov/news/releases/illegal-alien-mexico-sentenced-27-months-federal-prison-following-us-immigration-and,bef859a3ccbf1dd9bbc2:event:0002,removal,agency_claim,,,,255,370,"According to court records, Alcaraz-Curiel was previously removed from the U.S. in October 2018 and September 2020.",0.72,seeded_random,,,,,,,,
bef859a3ccbf1dd9bbc2,https://www.ice.gov/news/releases/illegal-alien-mexico-sentenced-27-months-federal-prison-following-us-immigration-and,bef859a3ccbf1dd9bbc2:event:0003,removal,agency_claim,,,,1036,1235,"Alcaraz-Curiel has history of state misdemeanor and felony convictions in Idaho, as well as a 2020 federal conviction in the District of Arizona for being a deported alien found in the United States.",0.72,seeded_random,,,,,,,,
c4578f697c6cf7a5850b,https://www.ice.gov/news/releases/ice-denver-removes-man-wanted-el-salvador,c4578f697c6cf7a5850b:event:0000,removal,agency_claim,,,,14,178,"Immigration and Customs Enforcement removed Salvadoran national and foreign fugitive Jose Eduardo Moran-Garcia, 28, to El Salvador via air transportation, March 28.",0.72,seeded_random,,,,,,,,
c4578f697c6cf7a5850b,https://www.ice.gov/news/releases/ice-denver-removes-man-wanted-el-salvador,c4578f697c6cf7a5850b:event:0001,arrest,agency_claim,,,,794,972,"He was arrested Oct. 16, 2023, in Whittier, California, and was transferred to the Denver Contract Detention Facility, Aurora, Colorado, until his removal from the United States.",0.72,seeded_random,,,,,,,,
c4578f697c6cf7a5850b,https://www.ice.gov/news/releases/ice-denver-removes-man-wanted-el-salvador,c4578f697c6cf7a5850b:event:0002,transfer,agency_claim,,,,794,972,"He was arrested Oct. 16, 2023, in Whittier, California, and was transferred to the Denver Contract Detention Facility, Aurora, Colorado, until his removal from the United States.",0.72,seeded_random,,,,,,,,
ca1256ad3cf2af0820e8,https://www.ice.gov/news/releases/ice-arrests-criminal-alien-afghanistan-convicted-attempted-murder-assault,ca1256ad3cf2af0820e8:event:0000,arrest,agency_claim,,,,0,184,"ROCHESTER, N.Y. — ICE Buffalo arrested an illegal alien from Afghanistan convicted of attempted murder after he stabbed his 19-year-old sister numerous times in an attempt to kill her.",0.72,seeded_random,,,,,,,,
ca1256ad3cf2af0820e8,https://www.ice.gov/news/releases/ice-arrests-criminal-alien-afghanistan-convicted-attempted-murder-assault,ca1256ad3cf2af0820e8:event:0001,conviction,convicted,,,,0,184,"ROCHESTER, N.Y. — ICE Buffalo arrested an illegal alien from Afghanistan convicted of attempted murder after he stabbed his 19-year-old sister numerous times in an attempt to kill her.",0.72,seeded_random,,,,,,,,
ca1256ad3cf2af0820e8,https://www.ice.gov/news/releases/ice-arrests-criminal-alien-afghanistan-convicted-attempted-murder-assault,ca1256ad3cf2af0820e8:event:0002,arrest,agency_claim,,,,185,254,"ICE officers arrested Waheed Allah Mohammad, 39, in Rochester Jan. 1.",0.72,seeded_random,,,,,,,,
ca1256ad3cf2af0820e8,https://www.ice.gov/news/releases/ice-arrests-criminal-alien-afghanistan-convicted-attempted-murder-assault,ca1256ad3cf2af0820e8:event:0003,conviction,convicted,,,,348,501,"“A court convicted him of first-degree attempted murder and first-degree assault, then sentenced him to 10 years in prison and five years of supervision.",0.72,seeded_random,,,,,,,,
ca1256ad3cf2af0820e8,https://www.ice.gov/news/releases/ice-arrests-criminal-alien-afghanistan-convicted-attempted-murder-assault,ca1256ad3cf2af0820e8:event:0004,sentence,sentenced,,,,348,501,"“A court convicted him of first-degree attempted murder and first-degree assault, then sentenced him to 10 years in prison and five years of supervision.",0.72,seeded_random,,,,,,,,
ca1256ad3cf2af0820e8,https://www.ice.gov/news/releases/ice-arrests-criminal-alien-afghanistan-convicted-attempted-murder-assault,ca1256ad3cf2af0820e8:event:0005,conviction,convicted,,,,587,757,"We’re conducting targeted enforcement operations to arrest and remove convicted criminals like Mohammad who pose clear threats to their families, communities and states.”",0.72,seeded_random,,,,,,,,
ca1256ad3cf2af0820e8,https://www.ice.gov/news/releases/ice-arrests-criminal-alien-afghanistan-convicted-attempted-murder-assault,ca1256ad3cf2af0820e8:event:0006,conviction,convicted,,,,1269,1444,"“As a convicted violent offender, Mohammad represents the worst of the worst and is exactly the kind of alien that ICE Buffalo seeks to remove from our New York neighborhoods.",0.72,seeded_random,,,,,,,,
ca1256ad3cf2af0820e8,https://www.ice.gov/news/releases/ice-arrests-criminal-alien-afghanistan-convicted-attempted-murder-assault,ca1256ad3cf2af0820e8:event:0007,conviction,convicted,,,,1729,1845,"On Feb. 6, 2009, the state of New York convicted Mohammad of attempted first-degree murder and first-degree assault.",0.72,seeded_random,,,,,,,,
ca1256ad3cf2af0820e8,https://www.ice.gov/news/releases/ice-arrests-criminal-alien-afghanistan-convicted-attempted-murder-assault,ca1256ad3cf2af0820e8:event:0008,sentence,sentenced,,,,1846,1935,The court sentenced him to 10 years in prison and five years of post-release supervision.,0.72,seeded_random,,,,,,,,
ca1256ad3cf2af0820e8,https://www.ice.gov/news/releases/ice-arrests-criminal-alien-afghanistan-convicted-attempted-murder-assault,ca1256ad3cf2af0820e8:event:0009,removal,agency_claim,,,,1936,2114,"ICE Buffalo entered Mohammad into removal proceedings in April 2009, and on May 31, 2012, a Justice Department immigration judge ordered Mohammad deported from the United States.",0.72,seeded_random,,,,,,,,
ca1256ad3cf2af0820e8,https://www.ice.gov/news/releases/ice-arrests-criminal-alien-afghanistan-convicted-attempted-murder-assault,ca1256ad3cf2af0820e8:event:0010,arrest,agency_claim,,,,2115,2200,ICE Buffalo officers arrested Mohammad Jan. 1 in Rochester and took him into custody.,0.72,seeded_random,,,,,,,,
d2dbeacca60b9043ac53,https://www.ice.gov/news/releases/ice-federal-partners-arrest-nearly-1500-illegal-aliens-massachusetts-during,d2dbeacca60b9043ac53:event:0000,arrest,agency_claim,,,,14,300,"Immigration and Customs Enforcement and federal law enforcement partners apprehended almost 1,500 illegal aliens during a monthlong enforcement operation focusing on transnational organized crime, gangs and egregious illegal alien offenders throughout the Commonwealth of Massachusetts.",0.72,longest,,,,,,,,
d2dbeacca60b9043ac53,https://www.ice.gov/news/releases/ice-federal-partners-arrest-nearly-1500-illegal-aliens-massachusetts-during,d2dbeacca60b9043ac53:event:0001,arrest,agency_claim,,,,1055,1196,"“Make no mistake: Every person that we arrested was breaking our immigration laws, but most of these individuals had significant criminality.",0.72,longest,,,,,,,,
d2dbeacca60b9043ac53,https://www.ice.gov/news/releases/ice-federal-partners-arrest-nearly-1500-illegal-aliens-massachusetts-during,d2dbeacca60b9043ac53:event:0002,conviction,convicted,,,,1404,1529,"Some were convicted of violent crimes in the United States, and others were wanted for criminality in their native countries.",0.72,longest,,,,,,,,
d2dbeacca60b9043ac53,https://www.ice.gov/news/releases/ice-federal-partners-arrest-nearly-1500-illegal-aliens-massachusetts-during,d2dbeacca60b9043ac53:event:0003,arrest,agency_claim,,,,1617,1699,"More than half the 1,461 arrested had significant criminal convictions or charges.",0.72,longest,,,,,,,,
d2dbeacca60b9043ac53,https://www.ice.gov/news/releases/ice-federal-partners-arrest-nearly-1500-illegal-aliens-massachusetts-during,d2dbeacca60b9043ac53:event:0004,charge,charged,,,,1700,1820,Seven-hundred and ninety of the alien offenders were charged with or convicted of crimes in the United States or abroad.,0.72,longest,,,,,,,,
d2dbeacca60b9043ac53,https://www.ice.gov/news/releases/ice-federal-partners-arrest-nearly-1500-illegal-aliens-massachusetts-during,d2dbeacca60b9043ac53:event:0005,conviction,convicted,,,,1700,1820,Seven-hundred and ninety of the alien offenders were charged with or convicted of crimes in the United States or abroad.,0.72,longest,,,,,,,,
d2dbeacca60b9043ac53,https://www.ice.gov/news/releases/ice-federal-partners-arrest-nearly-1500-illegal-aliens-massachusetts-during,d2dbeacca60b9043ac53:event:0006,arrest,agency_claim,,,,2080,2301,"Among those arrested include truly alarming criminals: murderers wanted in their home countries, child predators, and drug traffickers,” said Homeland Security Investigations New England Special Agent in Charge Michael J.",0.72,longest,,,,,,,,
d2dbeacca60b9043ac53,https://www.ice.gov/news/releases/ice-federal-partners-arrest-nearly-1500-illegal-aliens-massachusetts-during,d2dbeacca60b9043ac53:event:0007,removal,agency_claim,,,,3163,3411,"“Together, with our partners, we have identified and removed hundreds of illegal alien offenders from the Commonwealth, including murderers, gang members, child predators and a possible associate of a suspected terrorist, and our work is not done.”",0.72,longest,,,,,,,,
d2dbeacca60b9043ac53,https://www.ice.gov/news/releases/ice-federal-partners-arrest-nearly-1500-illegal-aliens-massachusetts-during,d2dbeacca60b9043ac53:event:0008,arrest,agency_claim,,,,3633,3854,"“Over the past month, CBP has worked diligently alongside our federal law enforcement partners to apprehended criminal aliens illegally present in our country,” said Jennifer De La O, director of field operations for U.S.",0.72,longest,,,,,,,,
d2dbeacca60b9043ac53,https://www.ice.gov/news/releases/ice-federal-partners-arrest-nearly-1500-illegal-aliens-massachusetts-during,d2dbeacca60b9043ac53:event:0009,detention,agency_claim,,,,3992,4102,We will continue to ensure that all criminal aliens that violate our laws are taken into custody and removed.”,0.72,longest,,,,,,,,
d2dbeacca60b9043ac53,https://www.ice.gov/news/releases/ice-federal-partners-arrest-nearly-1500-illegal-aliens-massachusetts-during,d2dbeacca60b9043ac53:event:0010,removal,agency_claim,,,,3992,4102,We will continue to ensure that all criminal aliens that violate our laws are taken into custody and removed.”,0.72,longest,,,,,,,,
d2dbeacca60b9043ac53,https://www.ice.gov/news/releases/ice-federal-partners-arrest-nearly-1500-illegal-aliens-massachusetts-during,d2dbeacca60b9043ac53:event:0011,arrest,agency_claim,,,,4103,4409,"ICE and its federal law enforcement partners made many of the apprehensions after local jurisdictions refused to honor immigration detainer requests to turn over the offenders and instead chose to release them from custody, forcing officers and agents to make at-large arrests in Massachusetts communities.",0.72,longest,,,,,,,,
d2dbeacca60b9043ac53,https://www.ice.gov/news/releases/ice-federal-partners-arrest-nearly-1500-illegal-aliens-massachusetts-during,d2dbeacca60b9043ac53:event:0012,arrest,agency_claim,,,,5034,5203,"Among the alien offenders apprehended during Operation Patriot, 277 had been previously ordered removed from the United States by a Justice Department immigration judge.",0.72,longest,,,,,,,,
d2dbeacca60b9043ac53,https://www.ice.gov/news/releases/ice-federal-partners-arrest-nearly-1500-illegal-aliens-massachusetts-during,d2dbeacca60b9043ac53:event:0013,removal,agency_claim,,,,5034,5203,"Among the alien offenders apprehended during Operation Patriot, 277 had been previously ordered removed from the United States by a Justice Department immigration judge.",0.72,longest,,,,,,,,
d2dbeacca60b9043ac53,https://www.ice.gov/news/releases/ice-federal-partners-arrest-nearly-1500-illegal-aliens-massachusetts-during,d2dbeacca60b9043ac53:event:0014,arrest,agency_claim,,,,5612,5897,"During the operation, ICE employed expanded immigration enforcement tactics, which included simultaneous operations on Nantucket and Martha’s Vineyard, where they arrested around 40 illegal aliens, including at least one child sex predator and a member of a violent transnational gang.",0.72,longest,,,,,,,,
d2dbeacca60b9043ac53,https://www.ice.gov/news/releases/ice-federal-partners-arrest-nearly-1500-illegal-aliens-massachusetts-during,d2dbeacca60b9043ac53:event:0015,arrest,agency_claim,,,,6446,6500,Among those arrested during Operation Patriot include:,0.72,longest,,,,,,,,
d2dbeacca60b9043ac53,https://www.ice.gov/news/releases/ice-federal-partners-arrest-nearly-1500-illegal-aliens-massachusetts-during,d2dbeacca60b9043ac53:event:0016,arrest,agency_claim,,,,6667,6701,ICE officers arrested him in Lynn.,0.72,longest,,,,,,,,
d2dbeacca60b9043ac53,https://www.ice.gov/news/releases/ice-federal-partners-arrest-nearly-1500-illegal-aliens-massachusetts-during,d2dbeacca60b9043ac53:event:0017,arrest,agency_claim,,,,6868,6902,ICE officers arrested him in Lynn.,0.72,longest,,,,,,,,
d2dbeacca60b9043ac53,https://www.ice.gov/news/releases/ice-federal-partners-arrest-nearly-1500-illegal-aliens-massachusetts-during,d2dbeacca60b9043ac53:event:0018,arrest,agency_claim,,,,7144,7284,He was also arrested in Roxbury for aggravated rape of child with a 10-year age gap and indecent assault and battery on a person 14 or over.,0.72,longest,,,,,,,,
d2dbeacca60b9043ac53,https://www.ice.gov/news/releases/ice-federal-partners-arrest-nearly-1500-illegal-aliens-massachusetts-during,d2dbeacca60b9043ac53:event:0019,arrest,agency_claim,,,,7594,7734,He was also arrested in Roxbury for aggravated rape of child with a 10-year age gap and indecent assault and battery on a person 14 or over.,0.72,longest,,,,,,,,
d2dbeacca60b9043ac53,https://www.ice.gov/news/releases/ice-federal-partners-arrest-nearly-1500-illegal-aliens-massachusetts-during,d2dbeacca60b9043ac53:event:0020,arrest,agency_claim,,,,8021,8118,He has other arrests in Massachusetts for lewd and lascivious conduct and sexual conduct for fee.,0.72,longest,,,,,,,,
d2dbeacca60b9043ac53,https://www.ice.gov/news/releases/ice-federal-partners-arrest-nearly-1500-illegal-aliens-massachusetts-during,d2dbeacca60b9043ac53:event:0021,conviction,convicted,,,,8224,8376,"Additionally, he has been convicted for operating under the influence of alcohol and operating while intoxicated in Iowa, where he served a year prison.",0.72,longest,,,,,,,,
d2dbeacca60b9043ac53,https://www.ice.gov/news/releases/ice-federal-partners-arrest-nearly-1500-illegal-aliens-massachusetts-during,d2dbeacca60b9043ac53:event:0022,arrest,agency_claim,,,,8595,8692,He has other arrests in Massachusetts for lewd and lascivious conduct and sexual conduct for fee.,0.72,longest,,,,,,,,
d2dbeacca60b9043ac53,https://www.ice.gov/news/releases/ice-federal-partners-arrest-nearly-1500-illegal-aliens-massachusetts-during,d2dbeacca60b9043ac53:event:0023,conviction,convicted,,,,8798,8950,"Additionally, he has been convicted for operating under the influence of alcohol and operating while intoxicated in Iowa, where he served a year prison.",0.72,longest,,,,,,,,
d2dbeacca60b9043ac53,https://www.ice.gov/news/releases/ice-federal-partners-arrest-nearly-1500-illegal-aliens-massachusetts-during,d2dbeacca60b9043ac53:event:0024,charge,charged,,,,8951,9165,"An illegally present 22-year-old Colombian national charged with breaking and entering building during the daytime for a felony, kidnapping, aggravated rape, and indecent assault and battery on a person 14 or over.",0.72,longest,,,,,,,,
d2dbeacca60b9043ac53,https://www.ice.gov/news/releases/ice-federal-partners-arrest-nearly-1500-illegal-aliens-massachusetts-during,d2dbeacca60b9043ac53:event:0025,charge,charged,,,,9273,9487,"An illegally present 22-year-old Colombian national charged with breaking and entering building during the daytime for a felony, kidnapping, aggravated rape, and indecent assault and battery on a person 14 or over.",0.72,longest,,,,,,,,
d2dbeacca60b9043ac53,https://www.ice.gov/news/releases/ice-federal-partners-arrest-nearly-1500-illegal-aliens-massachusetts-during,d2dbeacca60b9043ac53:event:0026,charge,charged,,,,10421,10606,"An illegally present 29-year-old Brazilian national charged in Edgartown with aggravated rape of a child by force, possession of child pornography and dissemination of obscene material.",0.72,longest,,,,,,,,
d2dbeacca60b9043ac53,https://www.ice.gov/news/releases/ice-federal-partners-arrest-nearly-1500-illegal-aliens-massachusetts-during,d2dbeacca60b9043ac53:event:0027,charge,charged,,,,10698,10883,"An illegally present 29-year-old Brazilian national charged in Edgartown with aggravated rape of a child by force, possession of child pornography and dissemination of obscene material.",0.72,longest,,,,,,,,
d2dbeacca60b9043ac53,https://www.ice.gov/news/releases/ice-federal-partners-arrest-nearly-1500-illegal-aliens-massachusetts-during,d2dbeacca60b9043ac53:event:0028,sentence,sentenced,,,,11496,11622,He was sentenced to a year in prison and released back into the community despite the presence of an ICE immigration detainer.,0.72,longest,,,,,,,,
d2dbeacca60b9043ac53,https://www.ice.gov/news/releases/ice-federal-partners-arrest-nearly-1500-illegal-aliens-massachusetts-during,d2dbeacca60b9043ac53:event:0029,arrest,agency_claim,,,,11623,11661,ICE officers arrested him in Brockton.,0.72,longest,,,,,,,,
d2dbeacca60b9043ac53,https://www.ice.gov/news/releases/ice-federal-partners-arrest-nearly-1500-illegal-aliens-massachusetts-during,d2dbeacca60b9043ac53:event:0030,sentence,sentenced,,,,11761,11887,He was sentenced to a year in prison and released back into the community despite the presence of an ICE immigration detainer.,0.72,longest,,,,,,,,
d2dbeacca60b9043ac53,https://www.ice.gov/news/releases/ice-federal-partners-arrest-nearly-1500-illegal-aliens-massachusetts-during,d2dbeacca60b9043ac53:event:0031,arrest,agency_claim,,,,11888,11926,ICE officers arrested him in Brockton.,0.72,longest,,,,,,,,
d2dbeacca60b9043ac53,https://www.ice.gov/news/releases/ice-federal-partners-arrest-nearly-1500-illegal-aliens-massachusetts-during,d2dbeacca60b9043ac53:event:0032,conviction,convicted,,,,11927,12058,An illegally present a Colombian national who was convicted in his native country for trafficking/manufacturing/carrying narcotics.,0.72,longest,,,,,,,,
d2dbeacca60b9043ac53,https://www.ice.gov/news/releases/ice-federal-partners-arrest-nearly-1500-illegal-aliens-massachusetts-during,d2dbeacca60b9043ac53:event:0033,conviction,convicted,,,,12160,12291,An illegally present a Colombian national who was convicted in his native country for trafficking/manufacturing/carrying narcotics.,0.72,longest,,,,,,,,
d2dbeacca60b9043ac53,https://www.ice.gov/news/releases/ice-federal-partners-arrest-nearly-1500-illegal-aliens-massachusetts-during,d2dbeacca60b9043ac53:event:0034,charge,charged,,,,12393,12688,"An illegally present 40-year-old Guatemalan national charged with assault and battery dangerous weapon (a hammer), threatening to commit crime, assault and battery with a dangerous weapon (a vehicle), assault and battery on a family member, strangulation/suffocation and intimidation of witness.",0.72,longest,,,,,,,,
d2dbeacca60b9043ac53,https://www.ice.gov/news/releases/ice-federal-partners-arrest-nearly-1500-illegal-aliens-massachusetts-during,d2dbeacca60b9043ac53:event:0035,arrest,agency_claim,,,,12689,12723,ICE officers arrested him in Lynn.,0.72,longest,,,,,,,,
d2dbeacca60b9043ac53,https://www.ice.gov/news/releases/ice-federal-partners-arrest-nearly-1500-illegal-aliens-massachusetts-during,d2dbeacca60b9043ac53:event:0036,charge,charged,,,,12724,13019,"An illegally present 40-year-old Guatemalan national charged with assault and battery dangerous weapon (a hammer), threatening to commit crime, assault and battery with a dangerous weapon (a vehicle), assault and battery on a family member, strangulation/suffocation and intimidation of witness.",0.72,longest,,,,,,,,
d2dbeacca60b9043ac53,https://www.ice.gov/news/releases/ice-federal-partners-arrest-nearly-1500-illegal-aliens-massachusetts-during,d2dbeacca60b9043ac53:event:0037,arrest,agency_claim,,,,13020,13054,ICE officers arrested him in Lynn.,0.72,longest,,,,,,,,
d2dbeacca60b9043ac53,https://www.ice.gov/news/releases/ice-federal-partners-arrest-nearly-1500-illegal-aliens-massachusetts-during,d2dbeacca60b9043ac53:event:0038,conviction,convicted,,,,13055,13198,An illegally present 69-year-old registered sex offender and citizen of Uruguay convicted of indecent assault and battery on a 7-year-old girl.,0.72,longest,,,,,,,,
d2dbeacca60b9043ac53,https://www.ice.gov/news/releases/ice-federal-partners-arrest-nearly-1500-illegal-aliens-massachusetts-during,d2dbeacca60b9043ac53:event:0039,conviction,convicted,,,,13199,13342,An illegally present 69-year-old registered sex offender and citizen of Uruguay convicted of indecent assault and battery on a 7-year-old girl.,0.72,longest,,,,,,,,
d2dbeacca60b9043ac53,https://www.ice.gov/news/releases/ice-federal-partners-arrest-nearly-1500-illegal-aliens-massachusetts-during,d2dbeacca60b9043ac53:event:0040,detention,agency_claim,,,,14227,14392,All aliens detained during Operation Patriot will remain in ICE custody pending the outcome of their removal proceedings or their deportation from the United States.,0.72,longest,,,,,,,,
f3728a76b8078b1f075e,https://www.ice.gov/news/releases/ice-apprehends-illegal-alien-ties-nicaraguan-massacre-and-mexican-drug-cartel,f3728a76b8078b1f075e:event:0000,arrest,agency_claim,,,,17,293,"Immigration and Customs Enforcement arrested Javier Zeledon Reyes, 56, an illegal alien and citizen of Nicaragua, in Hyattsville, March 6, after he admitted during immigration proceedings to massacring approximately 20 people in the 1990s while serving in the Nicaraguan army.",0.72,seeded_random,,,,,,,,
f3728a76b8078b1f075e,https://www.ice.gov/news/releases/ice-apprehends-illegal-alien-ties-nicaraguan-massacre-and-mexican-drug-cartel,f3728a76b8078b1f075e:event:0001,arrest,agency_claim,,,,926,1082,"Customs and Border Protection arrested Zeledon at the Gateway International Bridge in Brownsville, Texas, March 29, 2023, and issued him a notice to appear.",0.72,seeded_random,,,,,,,,
f3728a76b8078b1f075e,https://www.ice.gov/news/releases/ice-apprehends-illegal-alien-ties-nicaraguan-massacre-and-mexican-drug-cartel,f3728a76b8078b1f075e:event:0002,removal,agency_claim,,,,1485,1567,The immigration judge ordered Zeledon removed from the United States to Nicaragua.,0.72,seeded_random,,,,,,,,
f3d70f3c1f2401eb2cb3,https://www.ice.gov/news/releases/ice-europol-law-enforcement-partners-dismantle-major-illicit-drug-networks-global,f3d70f3c1f2401eb2cb3:event:0000,arrest,agency_claim,,,,616,876,"In addition, the United States and international law enforcement partners made 270 arrests of dark web vendors, buyers, and administrators in Austria, Brazil, France, Germany, Netherlands, South Korea, Spain, Switzerland, United Kingdom, and the United States.",0.72,longest,,,,,,,,
f3d70f3c1f2401eb2cb3,https://www.ice.gov/news/releases/ice-europol-law-enforcement-partners-dismantle-major-illicit-drug-networks-global,f3d70f3c1f2401eb2cb3:event:0001,arrest,agency_claim,,,,2174,2365,"Through close cooperation and intelligence sharing, officers across three continents identified and arrested suspects, sending a clear message to those who think they can hide in the shadows.",0.72,longest,,,,,,,,
f3d70f3c1f2401eb2cb3,https://www.ice.gov/news/releases/ice-europol-law-enforcement-partners-dismantle-major-illicit-drug-networks-global,f3d70f3c1f2401eb2cb3:event:0002,conviction,convicted,,,,5988,6362,"“Incognito Market” Owner Pleads Guilty For Operating One Of The Largest Illegal Narcotics Marketplaces On The Internet Incognito Market sold more than $100 million of narcotics — including hundreds of kilograms of cocaine and methamphetamine as well as heroin, cocaine, LSD, MDMA, oxycodone, methamphetamine, ketamine, and alprazolam, and misbranded prescription medication.",0.72,longest,,,,,,,,
f3d70f3c1f2401eb2cb3,https://www.ice.gov/news/releases/ice-europol-law-enforcement-partners-dismantle-major-illicit-drug-networks-global,f3d70f3c1f2401eb2cb3:event:0003,sentence,sentenced,,,,7881,8823,"Central District of California | Two Southern California Men Who Supplied Fentanyl Sold to Darknet Customers in All 50 States Sentenced to Federal Prison | United States Department of Justice Ruiz of Orange County was sentenced to over 17 years in federal prison, and Omar Navia of South Los Angeles was separately sentenced to 15 years in federal prison in January 2025 for supplying fentanyl-laced pills to a drug trafficking ring that sold these drugs to more than 1,000 customers nationwide via the Darknet Navia and Ruiz admitted that at least August 2021 to December 2022, they supplied fentanyl-laced pills to Michael Ta, 26, of Westminster, and Rajiv Srinivasan, 38, of Houston, who used the Darknet and encrypted messaging applications to sell more than 120,000 fentanyl-laced pills, 20 pounds of methamphetamine, and other drugs directly to more than 1,000 customers in all 50 states, causing several fatal overdoses in the process.",0.72,longest,,,,,,,,
f3d70f3c1f2401eb2cb3,https://www.ice.gov/news/releases/ice-europol-law-enforcement-partners-dismantle-major-illicit-drug-networks-global,f3d70f3c1f2401eb2cb3:event:0004,sentence,sentenced,,,,7881,8823,"Central District of California | Two Southern California Men Who Supplied Fentanyl Sold to Darknet Customers in All 50 States Sentenced to Federal Prison | United States Department of Justice Ruiz of Orange County was sentenced to over 17 years in federal prison, and Omar Navia of South Los Angeles was separately sentenced to 15 years in federal prison in January 2025 for supplying fentanyl-laced pills to a drug trafficking ring that sold these drugs to more than 1,000 customers nationwide via the Darknet Navia and Ruiz admitted that at least August 2021 to December 2022, they supplied fentanyl-laced pills to Michael Ta, 26, of Westminster, and Rajiv Srinivasan, 38, of Houston, who used the Darknet and encrypted messaging applications to sell more than 120,000 fentanyl-laced pills, 20 pounds of methamphetamine, and other drugs directly to more than 1,000 customers in all 50 states, causing several fatal overdoses in the process.",0.72,longest,,,,,,,,
f3d70f3c1f2401eb2cb3,https://www.ice.gov/news/releases/ice-europol-law-enforcement-partners-dismantle-major-illicit-drug-networks-global,f3d70f3c1f2401eb2cb3:event:0005,sentence,sentenced,,,,7881,8823,"Central District of California | Two Southern California Men Who Supplied Fentanyl Sold to Darknet Customers in All 50 States Sentenced to Federal Prison | United States Department of Justice Ruiz of Orange County was sentenced to over 17 years in federal prison, and Omar Navia of South Los Angeles was separately sentenced to 15 years in federal prison in January 2025 for supplying fentanyl-laced pills to a drug trafficking ring that sold these drugs to more than 1,000 customers nationwide via the Darknet Navia and Ruiz admitted that at least August 2021 to December 2022, they supplied fentanyl-laced pills to Michael Ta, 26, of Westminster, and Rajiv Srinivasan, 38, of Houston, who used the Darknet and encrypted messaging applications to sell more than 120,000 fentanyl-laced pills, 20 pounds of methamphetamine, and other drugs directly to more than 1,000 customers in all 50 states, causing several fatal overdoses in the process.",0.72,longest,,,,,,,,
f3d70f3c1f2401eb2cb3,https://www.ice.gov/news/releases/ice-europol-law-enforcement-partners-dismantle-major-illicit-drug-networks-global,f3d70f3c1f2401eb2cb3:event:0006,sentence,sentenced,,,,8824,9574,"Ruiz of Orange County was sentenced to over 17 years in federal prison, and Omar Navia of South Los Angeles was separately sentenced to 15 years in federal prison in January 2025 for supplying fentanyl-laced pills to a drug trafficking ring that sold these drugs to more than 1,000 customers nationwide via the Darknet Navia and Ruiz admitted that at least August 2021 to December 2022, they supplied fentanyl-laced pills to Michael Ta, 26, of Westminster, and Rajiv Srinivasan, 38, of Houston, who used the Darknet and encrypted messaging applications to sell more than 120,000 fentanyl-laced pills, 20 pounds of methamphetamine, and other drugs directly to more than 1,000 customers in all 50 states, causing several fatal overdoses in the process.",0.72,longest,,,,,,,,
f3d70f3c1f2401eb2cb3,https://www.ice.gov/news/releases/ice-europol-law-enforcement-partners-dismantle-major-illicit-drug-networks-global,f3d70f3c1f2401eb2cb3:event:0007,sentence,sentenced,,,,8824,9574,"Ruiz of Orange County was sentenced to over 17 years in federal prison, and Omar Navia of South Los Angeles was separately sentenced to 15 years in federal prison in January 2025 for supplying fentanyl-laced pills to a drug trafficking ring that sold these drugs to more than 1,000 customers nationwide via the Darknet Navia and Ruiz admitted that at least August 2021 to December 2022, they supplied fentanyl-laced pills to Michael Ta, 26, of Westminster, and Rajiv Srinivasan, 38, of Houston, who used the Darknet and encrypted messaging applications to sell more than 120,000 fentanyl-laced pills, 20 pounds of methamphetamine, and other drugs directly to more than 1,000 customers in all 50 states, causing several fatal overdoses in the process.",0.72,longest,,,,,,,,
f3d70f3c1f2401eb2cb3,https://www.ice.gov/news/releases/ice-europol-law-enforcement-partners-dismantle-major-illicit-drug-networks-global,f3d70f3c1f2401eb2cb3:event:0008,sentence,sentenced,,,,11472,11820,Van Nuys Man Sentenced to More Than 20 Years in Prison for Trafficking Fentanyl and Cocaine via Darknet Marketplaces and Possessing Guns A San Fernando Valley man was sentenced to 20 plus years in federal prison for using darknet marketplaces to sell hundreds of thousands of dollars’ worth of fentanyl-laced pills and cocaine to buyers nationwide.,0.72,longest,,,,,,,,
f3d70f3c1f2401eb2cb3,https://www.ice.gov/news/releases/ice-europol-law-enforcement-partners-dismantle-major-illicit-drug-networks-global,f3d70f3c1f2401eb2cb3:event:0009,sentence,sentenced,,,,11472,11820,Van Nuys Man Sentenced to More Than 20 Years in Prison for Trafficking Fentanyl and Cocaine via Darknet Marketplaces and Possessing Guns A San Fernando Valley man was sentenced to 20 plus years in federal prison for using darknet marketplaces to sell hundreds of thousands of dollars’ worth of fentanyl-laced pills and cocaine to buyers nationwide.,0.72,longest,,,,,,,,
f3d70f3c1f2401eb2cb3,https://www.ice.gov/news/releases/ice-europol-law-enforcement-partners-dismantle-major-illicit-drug-networks-global,f3d70f3c1f2401eb2cb3:event:0010,sentence,sentenced,,,,12387,12598,A San Fernando Valley man was sentenced to 20 plus years in federal prison for using darknet marketplaces to sell hundreds of thousands of dollars’ worth of fentanyl-laced pills and cocaine to buyers nationwide.,0.72,longest,,,,,,,,
f3d70f3c1f2401eb2cb3,https://www.ice.gov/news/releases/ice-europol-law-enforcement-partners-dismantle-major-illicit-drug-networks-global,f3d70f3c1f2401eb2cb3:event:0011,charge,charged,,,,17315,17353,An indictment is merely an allegation.,0.72,longest,,,,,,,,
